,Original_strings,Modified_strings,Labels
0,GoQwX4sz,GoQde4sz,1
1,hGRf3pBF,hGRf3pBF,0
2,0Jqza7pZ,0Jqza7pZ,0
3,UUcV7H8c,C0cV7H8c,1
4,NvUn4yoD,NvUn4yoD,0
5,PZLke2QA,PZLke2QA,0
6,LDywvwik,LDywvwik,0
7,nOX38Tly,nOX38Tly,0
8,klnwRjVn,klD2RjVn,1
9,vu6pV8om,vu6pV8om,0
10,LulWUW8q,LulWUW8q,0
11,E0p7viTK,E0p7viTK,0
12,3bzcKlA9,3TScKlA9,1
13,inQwyi0K,iTywyi0K,1
14,qV1xvSja,qV1xvSja,0
15,Bc1cJAEP,BcMTJAEP,1
16,vnIuRslJ,vnIuRslJ,0
17,a3Y62K3m,a3Y62K3m,0
18,L3IPEOJs,L3IPEOJs,0
19,v0UioP82,v0Uh3P82,1
20,BvOuUS4Y,BvOuUS4Y,0
21,tdKtr2Dj,tdKtr2Dj,0
22,sJ5xNv0f,sJ5xNv0f,0
23,8YKatnvx,8YKatnvx,0
24,OKqIO3DP,OKqIO3DP,0
25,oQemYCwn,oQemYCwn,0
26,RpjsG3hE,RpjsG3hE,0
27,djXnOIx5,dNYnOIx5,1
28,ce9hxVY9,ce9hxVY9,0
29,6BBq8Mza,6BBq8Mza,0
30,1z4elBcW,1z4elBcW,0
31,3lGKi0Dz,3lGKi0Dz,0
32,vUPxzICb,vUPxzICb,0
33,Aqad0TvY,Aqad0TvY,0
34,UXz11p4G,UXz11DCG,1
35,kuxjovgl,kuxjo3jl,1
36,yTIDTeCq,yTIDTeCq,0
37,CbNMz9aY,CbNMz9aY,0
38,Uh6WTBlr,Uh6WTBlr,0
39,ZWGCQH45,ZWGCQH45,0
40,DesgsFek,DesgsFek,0
41,WkkS21xl,WkkTK1xl,1
42,YMFVxXlh,YMFVxXlh,0
43,0tFb2F7L,0tFb2F7L,0
44,RibZPfRV,RibZPfRV,0
45,o1OZT40H,o1OZT4I1,1
46,vrd5CikN,vrd5CikN,0
47,hXja460d,hXja460d,0
48,LMUAkiOM,LMUAkiOM,0
49,nO0HZYiN,nOdwZYiN,1
50,bWp7tUWO,bWp7tUWO,0
51,ozZrfG1J,ozZrfG1J,0
52,6acQvp0K,6acQvpkF,1
53,MUBcUnzJ,MUBcUamJ,1
54,4I5Dd1rT,4I5Dd1rT,0
55,5D8YgurJ,5LAYgurJ,1
56,kxjddfYe,kxjddfYe,0
57,ZbLJnr3f,ZbLJnr3f,0
58,8Gj9P5B1,8Gj9ByB1,1
59,nKLvusWo,nKLvusWo,0
60,WDkY4vFN,WDkY4vFN,0
61,AYrwnZ2t,AYrwnEMt,1
62,zD4HQosc,zD4HQosc,0
63,6nyzjwjr,6nyzjwjr,0
64,LBgkhesa,LBgkhesa,0
65,mkWiLR3M,mkWiLR3M,0
66,3tPeSy57,3tPeSy57,0
67,sLfOdORj,scNOdORj,1
68,wKY9WcSY,U8Y9WcSY,1
69,tmKQJqh9,tmKQJqh9,0
70,7nZFmDTo,7nZFmDTo,0
71,pnxcpYKI,pnxcpYKI,0
72,1BND3ti5,1BNw1ti5,1
73,AF8IpQK3,AF8IpQK3,0
74,LFMj9g1P,LFMj9g1P,0
75,jgCxvkzg,jgCxvkzg,0
76,0ug3OVGx,0ug3OVGx,0
77,3gK9xOoO,3gMdxOoO,1
78,EkKUTMBV,EkKUTMBV,0
79,SAwiFzC7,SAwiFzC7,0
80,sgHUPDO7,sPKUPDO7,1
81,87M0mD2k,87M0mD2k,0
82,HjDolQm4,HjDolQm4,0
83,gqKkkbxc,gqKkkbxc,0
84,yGzQoV8j,yGzQoV8j,0
85,dUvwnCdV,dUvwnGdV,1
86,NOVvRjno,NOVvRjno,0
87,xwPBihe1,xwPBihe1,0
88,IEKJsuEC,IEKJsuUi,1
89,PpnkfdWe,PpnkfdWe,0
90,D0CSa49a,D0CSa49a,0
91,Fr9DwKez,Fr9DwKez,0
92,63ge9jc7,63ge9jFm,1
93,1B4BnJQu,1B4BnJQu,0
94,ZcJog5sO,ZcJog5sO,0
95,J6wZeoLw,J6wZeoLw,0
96,HWg3MDWc,HWg3MDWc,0
97,2W05Sggr,2W05Sggr,0
98,ciLOgsb6,ciLOgszG,1
99,rVAMnyyb,rVAMnyyb,0
100,iOOj2XlW,iOOffXlW,1
101,aiVTZ8Eb,aiVTZ8Eb,0
102,TvN1pajB,TvN1pajB,0
103,jIQVt4r7,jIQVt4r7,0
104,g6ujuBQe,g6ujJiQe,1
105,x9S3Uwzc,x9S3Uwzc,0
106,3zBBNja1,3zBBNj1k,1
107,kbhJAyga,kbhJAyga,0
108,Gg5SYzyC,QL5SYzyC,1
109,bEO5M0Ux,bEO5M0Ux,0
110,diXns1fI,diXns1fI,0
111,4TUIxXDk,4TUIxXDk,0
112,UyiFb5Lv,UyiFb5Lv,0
113,6ci3zBFT,6tW3zBFT,1
114,3DRnHkBH,3DRnHkBH,0
115,S5FVu2AP,S5FVu2AP,0
116,MZZkzJR9,MZZkzJR9,0
117,wbNRsg30,wbNRsg30,0
118,xUOHWFtG,xUjfWFtG,1
119,zkBPYZH6,zkBPYZH6,0
120,NnMMPyPf,NnMMPyPf,0
121,QZUb6tKm,QZUb6tKm,0
122,n0cwa8bm,n0cwavvm,1
123,auGeOHGi,MqGeOHGi,1
124,BSN4TKV6,wiN4TKV6,1
125,cqV2lvV7,cqV2lvV7,0
126,eUYjpQq0,eUYjpQq0,0
127,mWNGWh6i,mWNGWh6i,0
128,Y8HswSLg,Y8HswSLg,0
129,KRpNGJdw,KRpNGJdw,0
130,AUk4uMKd,AUk4uMKd,0
131,dw1NOHfF,dk4NOHfF,1
132,2b3Wvq8s,2b3WvqGs,1
133,Z86H8fRi,Z86H8fRi,0
134,MeBvV4Nc,MeBvV4Nc,0
135,CjLQZfp1,CjLQZfp1,0
136,zxlcvz2w,zxLcvz2w,1
137,g0fytVaH,g0fyjeaH,1
138,zDaqx9cT,zDaqx9cT,0
139,WGXuS2r6,WGXuS2r6,0
140,pYYNgyW5,pYYNgyW5,0
141,GMg40HYt,GMg40HYt,0
142,7uOh455x,7uOh455x,0
143,PGqgz7hD,PGqgz5vD,1
144,8qYuIfCJ,8qoPIfCJ,1
145,Xa6P9bY3,Xa6P9bY3,0
146,pi4OkfU5,pi4OkfU5,0
147,cPjF20ct,cPMP20ct,1
148,eevN1ANm,eev5HANm,1
149,sDeZm48N,sDeZm48N,0
150,21Vc7xaE,21Vc7xaE,0
151,pBsULbQf,pBsULbQf,0
152,IvQGLyZM,IvQGLyZM,0
153,clFD2Lg8,clFD2Lg8,0
154,LDFwnaa8,LDFwnPr8,1
155,VnIsG0Jd,VnIsGp6d,1
156,8EDfy5P1,8EDfy5yf,1
157,diFg35k8,diFg35k8,0
158,65LaSMsV,65ZoSMsV,1
159,IOnKNjdS,1snKNjdS,1
160,sq5cOI2I,sq5cOI2I,0
161,gQM77cR1,gQM77c58,1
162,XG4Hj8dA,XGuNj8dA,1
163,UkRB9dv7,UkRB9dv7,0
164,4XlF2g3y,4XlF2g1f,1
165,mwAGBEo2,mwAGBEo2,0
166,3N0WUrsP,3N0WUrsP,0
167,1t7WMhq6,1t7WMhq6,0
168,s4tPcnXT,s4tUtnXT,1
169,qd0xU9VT,qd0xU9VT,0
170,tmJxLFu1,tmJxLFu1,0
171,ShSOiDP1,ShSIbDP1,1
172,clLcWvRQ,clLcWv4K,1
173,T5vOspcT,T5vOspcT,0
174,TvkBZL34,TvkBZL34,0
175,VENZkB9h,VENP9B9h,1
176,uE4GFRRF,uE4GFRRF,0
177,rA4rAcVb,rA4rAcVb,0
178,N8CGOSPN,N8CGOSPN,0
179,UTcZjgQs,UTcZjgQs,0
180,rlVbcwRc,rlVbcwRc,0
181,2JUv1FxO,2C4v1FxO,1
182,URTj6MF7,URTj6MF7,0
183,qb7IKtPE,qbw4KtPE,1
184,AI5YFNm9,AI5YFNxQ,1
185,mPAIK8C7,mPAIK8C7,0
186,dO6WaIZ5,dO6WaIY7,1
187,2duKRR6W,2duKRSAW,1
188,suHMlfh4,suHMlfh4,0
189,1RHcVS1a,1RHcVS1a,0
190,NEygNUws,NEygNUws,0
191,MNbkKkLI,MNbkKkLI,0
192,Ds3WSYRe,k43WSYRe,1
193,UEfGZown,UVaGZown,1
194,vfHK1mY3,vfHK1mY3,0
195,nJVxZs6I,nJVxZs6I,0
196,pcpeDxO0,pcpeDxO0,0
197,XkOI8XLt,XkOI8XLt,0
198,N4wQ0dpM,N4wQ0dpM,0
199,wk1zxWok,wk1zxK8k,1
200,YbmLnFOX,YxqLnFOX,1
201,wxRJ6x67,wxRJ6x67,0
202,WGM2qomN,WGM2qomN,0
203,MwMLH3Ap,MwMLH3Ap,0
204,nXonYhdR,nXonYhdR,0
205,koGeC4Er,koGeE9Er,1
206,eViZXo3P,eViZXo3P,0
207,gI0rVOrZ,gI0rVOrZ,0
208,8wFYISxu,8wFYISxu,0
209,CPKnr8xL,CPKnr8KE,1
210,ULKRJlPU,ULKRJlPU,0
211,OkZTne6Z,OkGOne6Z,1
212,LApLChfJ,LApLChfJ,0
213,2KLN3x8P,2KLN3x8P,0
214,x87gY7O8,x8exY7O8,1
215,tN0Aiw2o,tN0Aiw9r,1
216,FccITFEQ,FccITFsx,1
217,wocThrjg,wocThrjg,0
218,wL6ijPE2,wLLljPE2,1
219,193yht6f,193yht6f,0
220,UVPMS4Wp,UVPMS4Wp,0
221,3tmk26rB,3tmk26yy,1
222,UIgJbVQ3,UIvMbVQ3,1
223,2kvosgQk,2kvosgH2,1
224,bumJDeIz,bumJDeIz,0
225,DJMb3AJJ,aXMb3AJJ,1
226,s6XuRMpx,s6XuRMpx,0
227,dUE8saiC,dUE8saiC,0
228,PATTCPs2,PAmHCPs2,1
229,BvJR9hNy,BvJR9hNy,0
230,ZWkI8bJB,ZWkI8bJB,0
231,ZZbDanoh,ZZbDanoh,0
232,Tsv8wz0p,Tsv8wJlp,1
233,4BrkQMn8,4BrkQMn8,0
234,cdaz0QPb,cdaz0QPb,0
235,y2BemHwM,y2RUmHwM,1
236,4ZC6oEDZ,4ZC6o2yZ,1
237,pY8AEqJk,pY8AEqJk,0
238,g23XCSwd,g23XCSwd,0
239,6SRB0OnL,6SRB0OnL,0
240,i5Xqs5bQ,i5Xqs5bQ,0
241,OLXEJ3M0,u2XEJ3M0,1
242,1irfIXCW,1irfIXCW,0
243,3he7NSs2,qbe7NSs2,1
244,XByQ1cuk,XByQ1cuk,0
245,JJJc6oOk,JJJc6oOk,0
246,dLNHZeAs,dLNHZeAs,0
247,SJB5RXPp,SJB5RXPp,0
248,2JN4HmqS,2JN4HmqS,0
249,3TkO5zEZ,3TkO5zEZ,0
250,FxXRNDxi,FxXRNDxi,0
251,phjiK0n1,phjiK0n1,0
252,4jsBrrRO,4jsBrrRO,0
253,bsb3Z7dW,bsGlZ7dW,1
254,m5ZsTFu7,m5ZsTFu7,0
255,KuDZQJ4Y,KuDZQJ4Y,0
256,QsuYIiGK,QsuYIiGK,0
257,EQtXNy1I,EQtXNy1I,0
258,0RBBfpok,0RBBfpok,0
259,uOz1LaOC,uOz1LaOC,0
260,egra15zn,egra15zn,0
261,iDqkneJu,iDqkneJu,0
262,aVDO9CG3,aVDOh5G3,1
263,oWwrUqV2,oWwrUq1C,1
264,vAmZMbk2,vAmZE2k2,1
265,keSh46iS,keSh46iS,0
266,VT62nvG7,VT62nvG7,0
267,FX2063YM,FX2063YM,0
268,gowpDoWx,gow2woWx,1
269,DT5dG8pl,DT5eX8pl,1
270,2VbIJDf9,2VbIJDf9,0
271,ovtJB4iR,ovtJB4iR,0
272,Y9vUP8dV,Y2RUP8dV,1
273,EaAMMBlX,EaAMMBlX,0
274,LwQvTLTr,LwQvTLTr,0
275,nlgJguuy,nlgJguuy,0
276,Xl64il7f,Xl64il7f,0
277,MxgymBf8,MxgyBEf8,1
278,ck9RvLsF,ck9Rvp5F,1
279,h81rx4OA,h81rx4vW,1
280,r1D4Ss0L,r1D4Ss0L,0
281,r6tvuu8E,r6tvuu8E,0
282,ZSnvytkM,ZSnvytkM,0
283,53PI1h0d,53PI1h0d,0
284,RvC7oJhs,RvC7oJhs,0
285,HntvsE4V,HntvsEJ4,1
286,EIrtjaTW,EIrtjaTW,0
287,cXvCTDo8,cXvCTDkG,1
288,n5eALoLT,n5edpoLT,1
289,oF8XuVNe,oF8XuVNe,0
290,LvgDDcne,LvgDDcne,0
291,7oy0x4Xe,7oy0x4Xe,0
292,W6jQmFPx,QxjQmFPx,1
293,DUcxOOiR,DfOxOOiR,1
294,HKOceOin,HKOceOin,0
295,Hvd9g0oK,Hvd9g0oK,0
296,Va674rld,Va674rld,0
297,RjLGf0sE,RjLG3UsE,1
298,ULQ21vnb,UvM21vnb,1
299,0pHj6NwY,0pHj6NwY,0
300,cDEg84sJ,cDEg84sJ,0
301,3T2YRR6U,3T23nR6U,1
302,PPcFhuuk,PPcFO3uk,1
303,4A3cLRMZ,4A3cLRMZ,0
304,XBWni4Vt,XBWni4qP,1
305,wIoZ5uOM,wIoRAuOM,1
306,MS4ySooJ,MS4yS47J,1
307,axSM0nzW,axSM0nzW,0
308,YxKVFpjV,YxKVFpjV,0
309,LkwQjpGG,LkwQjpGG,0
310,TYt96vml,TYt96Qml,1
311,r6Fl6GbM,r6Fl6GbM,0
312,HZomJkam,HZ46Jkam,1
313,oRDl42UQ,oRDl42UQ,0
314,6yz6rjyL,6yz6rjyL,0
315,v8Co4tiV,v8Co4tiV,0
316,cx1ASdz0,cx1ASdz0,0
317,g3YBs0ZI,g3YBs0ZI,0
318,QQigkV4E,QQigkkzE,1
319,Aeq6hMZ2,Aeq6hMZ2,0
320,PUbhSfcI,PUbhSfcI,0
321,O6AAH1tX,O6AAH1tX,0
322,yoy7s8BQ,yoy7s8BQ,0
323,xodEyfZH,xodEyfZH,0
324,WT6eIQZW,WT6eIQZW,0
325,G1LjG6AK,G1LjG6AK,0
326,oRk6sp0Y,oRk6spHO,1
327,3IpYApTg,3IpYApTg,0
328,Ka01koHU,Ka01koHU,0
329,rZPAyDe3,rZPAyDe3,0
330,omJLY8Pb,omJLY8Pb,0
331,j94Q10Hx,j94Q10Hx,0
332,2tkOMhOH,2tkOMhOH,0
333,ivTFHfPs,ivTFHfPs,0
334,86m1OwQk,86m1OwQk,0
335,whaixlY1,whaixlY1,0
336,1SalhUnv,1SalhUnv,0
337,f5rJku78,f5rJku78,0
338,YUrZ6XO1,YUrZ6XO1,0
339,smu0fRFE,sbl0fRFE,1
340,Z7PxPGVh,Z7PxPGVh,0
341,TZgz8Phb,TZr68Phb,1
342,we7d4s1U,we7d4s1U,0
343,BNq1bToi,Ouq1bToi,1
344,HSrn8baz,HSrn8baz,0
345,7PqtOGVJ,7PqtOGVJ,0
346,jYhp53Q2,zNhp53Q2,1
347,iUKSgRwq,iUKSqJwq,1
348,LPLTQWz1,LPLTQWz1,0
349,cmFGs2pU,cmFGs2pU,0
350,7Lt1hakz,Fqt1hakz,1
351,yH9T8QrC,y5JT8QrC,1
352,i1v2fRUX,i1v2fRUX,0
353,OZxQ6MCw,OZxQ6MCw,0
354,j2jciSoi,j2yaiSoi,1
355,gzZE9uiG,gzZLCuiG,1
356,f1QMGGHN,f1QMGGHN,0
357,TDBx4ac9,TDRP4ac9,1
358,hLf01EEz,hHx01EEz,1
359,BcwwX2QA,BcwwX2QA,0
360,1rVuhrgJ,17tuhrgJ,1
361,U0wvd4GJ,U0wvd4GJ,0
362,N00xuCLi,0J0xuCLi,1
363,2yzsc0hm,2yzsc0hm,0
364,ybFuhPPH,ybFanPPH,1
365,3rKKRovV,3rKKRovV,0
366,x1r9G9ZW,x1r9FlZW,1
367,GeHcT49f,GeHcT49f,0
368,22VDA3j3,22VDA3j3,0
369,DJidD2vy,DJidOSvy,1
370,Udz0EZft,Udz0EZft,0
371,B1njiK2o,B1njiK2o,0
372,WmHlj9qc,WmHlj9qc,0
373,zH5zsDcz,zM1zsDcz,1
374,U3V3mkj1,U3V3mkj1,0
375,kbVO4J5u,kbVO4J5u,0
376,0ljEZjc7,0xOEZjc7,1
377,fbxLyKCV,fuILyKCV,1
378,03umeM5p,4eumeM5p,1
379,TA6WDUnE,TA6WDUnE,0
380,fKcGIyzW,fKcGIlbW,1
381,JTlXAEPn,JTlXAEPn,0
382,rAG2YBQO,rAG2YBQO,0
383,mQhAZFqO,mQhAZFqO,0
384,CvmSfpHK,1VmSfpHK,1
385,rsZEAue5,rsZEAue5,0
386,Da6ozSsA,Da6oHWsA,1
387,sjnNCiFl,sjnNOcFl,1
388,cg5JOHYp,cg5JHXYp,1
389,ZiXp2EKD,ZiXp2CKD,1
390,Hd0zlUcS,Hd0zlUcS,0
391,3q2X2npx,3q2X2npx,0
392,7fybgJIZ,7fybgJIZ,0
393,PtfPsJxW,PtfPsJxW,0
394,oCJicjA4,oCJicjA4,0
395,25VT6Age,25VT6Age,0
396,HZRQBTfN,HZRQBTfN,0
397,AaWbaCav,AaWbaCav,0
398,2qdv4Egg,2qdv4Egg,0
399,ItfDc06E,ItfDc06E,0
400,6tKM393q,6tKM393q,0
401,uzzQWmdQ,uzzQ7hdQ,1
402,Fwf4lboE,FwfZRboE,1
403,vy4PIe81,vy4PIe81,0
404,TVV8PeLQ,TVV8PeLQ,0
405,VNPqtYe5,VNPqtYnA,1
406,BbMF3VUl,BbMF3Y4l,1
407,GvxTQ1S3,GvxZl1S3,1
408,rUVZxC3s,rUVZxC3s,0
409,W0SojWT8,W0SojWT8,0
410,PMR1kMLM,PMR1kMLM,0
411,9vTMmVQy,9vTMmVQy,0
412,Og1Rcvo3,Og1Rcvo3,0
413,o9GJThPH,o9GJThPH,0
414,TBLkmdQL,TBLkmdQL,0
415,MYjIfmNi,MYjIfmvC,1
416,cBFsfZYX,cBFsfZYX,0
417,whcCqIFP,whcCqIFP,0
418,uKplkd65,uKplkd65,0
419,1zEmKrbL,1zEmKrbL,0
420,OVDuzZ9D,OVDuzZ9D,0
421,yMsEaOQN,yMsEaOQN,0
422,bOhYgnGa,bOhYgnGa,0
423,H6UHb1oe,b5UHb1oe,1
424,24mkgaZV,237kgaZV,1
425,yxsG4Ef1,yxsG4Ef1,0
426,y7ahLTxd,y7ahK7xd,1
427,zpl6uWwr,zpl6Hfwr,1
428,uOvoV2uN,uOvoUHuN,1
429,9uKxUKzb,9uKxUKzb,0
430,gp2VvIw7,gp2VOaw7,1
431,B6BlHhOo,B6nMHhOo,1
432,MBuEUMhl,MBHWUMhl,1
433,oPEloWm9,oPEloWm9,0
434,FNRMtAch,FNRMtAch,0
435,dXh53Vko,dXh53VD4,1
436,o5yBoANg,o5yBoANg,0
437,hEF1SusP,hEF1Sufb,1
438,lb60DDrg,lb60DDrg,0
439,QrkKqOY8,QrkKa5Y8,1
440,nXXeUWCJ,nX4mUWCJ,1
441,FUpgk9AB,FUpgk9AB,0
442,P8vbZFLK,P8vbZuYK,1
443,XK5jthlh,XK5jthlh,0
444,WjVDlHDw,WjVDlHPA,1
445,E661NFB4,E661NFB4,0
446,k8SaUpEE,k8LIUpEE,1
447,7abdfWCZ,7abWEWCZ,1
448,2KA7Rszu,2KA7Rszu,0
449,959YA4xR,959YA4xR,0
450,eRkK5873,eRkK5873,0
451,V1zOT2rs,V1zOFNrs,1
452,XKrLtfSo,XKrLtfSo,0
453,zkjZLIXP,zkjZLIXP,0
454,1s0vO5PK,1s0vO5PK,0
455,OEIS23So,OEIS23So,0
456,7AmV4Efh,7AmV4Efh,0
457,HLoUxdFz,HLoUxd8T,1
458,l2OkfwKl,l26XfwKl,1
459,QHosJwad,QHrYJwad,1
460,Lzj0sIjL,Lzj0mBjL,1
461,ErYHhHgn,ErYHhPQn,1
462,Cdd6MsVp,Cdd6MsVp,0
463,nXIr546w,nXIr546w,0
464,WwOtZMcB,WwOMgMcB,1
465,yqbCa0H2,yqbCa0H2,0
466,wDLc57mU,wDmW57mU,1
467,PLX6f7GG,PLX6f7GG,0
468,ZJz0ej51,ZJz0ej51,0
469,fmVDrbBb,3WVDrbBb,1
470,Yz0rs1tf,Yz0rs1oB,1
471,oOUC24gV,oOUgT4gV,1
472,WgC7uDEe,WgC70rEe,1
473,Ny1f9NEC,Pl1f9NEC,1
474,Ulh3aURb,Ulh3aURb,0
475,gYw6XRTX,gYw6XRTX,0
476,qH7Uaqxk,qiBUaqxk,1
477,MakoVA2O,MakoVA2O,0
478,KlyXU6Y5,KlyXU6Y5,0
479,NypU9zgC,NypU9zgC,0
480,uyqT93Fu,uyqT93Fu,0
481,GzBSzUMr,Gz8czUMr,1
482,Rl5suEUQ,Rl5Y5EUQ,1
483,qbrJ2wfe,qbrJ2wfe,0
484,sR9CYB59,sRvUYB59,1
485,V5u6wKKe,kwu6wKKe,1
486,5oj4rzq1,5oj4rzq1,0
487,8GxOFGPU,8GxOfqPU,1
488,lp00xz8M,lp00xz8M,0
489,rf7tz41T,rf74641T,1
490,B6W66LHD,B6W66LHD,0
491,BraudfwE,BbWudfwE,1
492,2Aid7rNx,2Aid7rNx,0
493,w0ZclhLJ,w0ZHGhLJ,1
494,NhVuChy7,NhVuChy7,0
495,ct3DGjf8,ct3DGjY9,1
496,smAgAp3J,smAgAp3J,0
497,FH16ylW2,FH16ylW2,0
498,tZcsSoyU,tZcsgXyU,1
499,0bfx0FyX,0bfx0FyX,0
500,2TXhYAQ7,2TXhYAQ7,0
501,mSzxeQjb,mgxxeQjb,1
502,XPKcU6yz,XPKcU6yz,0
503,7TSBnegD,7TSBnegD,0
504,JPGa5ZHi,JPGa5ZHi,0
505,27ba8jFd,27ba8jFd,0
506,mCM8bWvm,mCM8bWvm,0
507,6uCTDSB2,6uCTflB2,1
508,xez920pW,xez9a8pW,1
509,1qnl2nnU,1qnl2dLU,1
510,EhJsEdx0,EhJsEdx0,0
511,99vhgPE6,99vhgPE6,0
512,2ZRObR3s,2ZRObR3s,0
513,d6If2rV5,d6If2rV5,0
514,FZL039VL,FZL039VL,0
515,54tg87HQ,54tg87HQ,0
516,waLYFvsk,waLYFvsk,0
517,0CbnzMdf,0CbnzMdf,0
518,F4DT7ugN,F4DT7uJq,1
519,yomiRjzq,yomiRSFq,1
520,5bQ6q6sv,5bQ6q6sv,0
521,KJO37eeT,KJO37eeT,0
522,YdACzePj,YdACzePj,0
523,OHcZLjYY,OHcZLjYY,0
524,nGfJiPeh,n3qJiPeh,1
525,bbChd0m9,bbChd0m9,0
526,TBAlEzTj,TBAlEzjQ,1
527,EIO2xm0o,EIO2xm0o,0
528,qev9DhRp,qev9DhRp,0
529,KawRDES2,KawRDES2,0
530,2gqUxT5p,2gqUxT5p,0
531,vyqVCDyf,vyqVCDyf,0
532,h2aEYRKH,yHaEYRKH,1
533,wQMfZlGl,wQMfaTGl,1
534,L3XsoeLq,L3XsoeLq,0
535,zqrBTmkY,zqrBTmkY,0
536,jDdKuPVq,jDdKuPVq,0
537,RDlqPMTn,RDlqPMTn,0
538,umv8Et9W,umvH7t9W,1
539,hqPTNUU1,hqPTNUU1,0
540,rNg1vZOo,rNg1vZOo,0
541,hGYSBafv,hGYSBafv,0
542,d218iXhd,d218iXhd,0
543,njpTbEUG,njpTbEUG,0
544,4TAUuLX6,4TAUuLX6,0
545,TX1ZNJ52,TX1ZNJ52,0
546,SOoer6vr,SOoer6vr,0
547,2RlEOLpC,2RlEOLpC,0
548,BxVvV37B,BxVvV37B,0
549,Y4Y7MEOI,Y4Y7MEOI,0
550,0p8tJWkn,0p8tJWkn,0
551,8B8Ta0YW,8B8Ta0YW,0
552,d8R6P0OB,d8R6P0OB,0
553,WzOp8oSf,WzOp8oSf,0
554,TsDce4hS,TsDce4hS,0
555,t7emR1zS,tqEmR1zS,1
556,f6yjo7ri,f6yjo7ri,0
557,3CT4sN4e,3CT4sN4e,0
558,Lzs4yc55,Lzs4yc55,0
559,sTk4rpMi,sTk4rpMi,0
560,T4VdcItF,T4VdcItF,0
561,Ntdcay2b,Ntdc4j2b,1
562,EIm5HDdz,EIm5HDdz,0
563,1ZiznQGs,1ZiznQGs,0
564,0LD01xJs,0RE01xJs,1
565,9fhMXNQ3,9fhMXNQ3,0
566,3MKYokf6,3MKYokf6,0
567,7aMv3edn,xGMv3edn,1
568,s6UwhRtY,s6UwhRtY,0
569,UTV0qIQ1,UTV0qIQ1,0
570,7yXncUU7,7yXncUU7,0
571,8bQoDSci,8bQoDSci,0
572,RIpXHgzH,RIpXHgzH,0
573,p4ZVA1D5,p4ZVA1D5,0
574,BwQuKxSj,BwQuKyfj,1
575,AXEgGMAJ,AXEgGMAJ,0
576,xPjmYJYQ,xPjmYJYQ,0
577,tzk2lCfW,tzk2HgfW,1
578,xXgGpIqI,xXghSIqI,1
579,2wH9snlO,2wH9snZc,1
580,HrQOAy6i,HrQOAy6i,0
581,X8m9wz6M,X8wcwz6M,1
582,mTshg1N4,mTshgXy4,1
583,g9LroffW,g9LroffW,0
584,bqbln7sh,bqbln7sh,0
585,6aawEmJg,6aawEmJg,0
586,Y3RVkz9e,Y3RVkz9e,0
587,XICR0AYe,XICR0AYe,0
588,hwaIZXCw,hwaIZXCw,0
589,nVlFk25p,nVlFk25p,0
590,VuWxKRaG,VuWxbDaG,1
591,P7b1rbrT,P7b1rbrT,0
592,3fof3HTU,3fof3HTU,0
593,kaR7MHfE,kaR7MHfE,0
594,VPSrlpfc,VPSFDpfc,1
595,Uf7oIILF,Uf7oIILF,0
596,Nzdo9LEt,Nzdo9LEt,0
597,LuvrlNIa,LuvrlEda,1
598,7qoHaWJk,7qoHaWJk,0
599,uV6AL5yI,uV6AL5yI,0
600,l1CgAzAR,l1CgAzAR,0
601,AkbgFZt4,AkbgFZt4,0
602,gkuQiDjZ,gkuQiDjZ,0
603,VQTg64Tb,VQTg64Tb,0
604,S5fJxT4f,S5fJxT4f,0
605,vXqgEU4Z,vXqgEU4Z,0
606,tSeX4bAz,tSeXBtAz,1
607,u7FD83W7,u7FD83W7,0
608,fRi1iICM,fRi1iICM,0
609,eutkBrGc,eutkBrGc,0
610,ib4nuOL9,ib4nuOL9,0
611,q0c3x5RU,q0c3x5vo,1
612,JrgamFT3,JrgamFT3,0
613,otyIW1x2,otyIW1x2,0
614,MauMpV16,MauMpV16,0
615,fr9t3nf1,fr9t3nf1,0
616,GE01F7dd,GE01F7VX,1
617,9alzKV0x,9alzvn0x,1
618,10VrnZr6,10VrnZr6,0
619,njJiXMS2,njJiXMkY,1
620,FQryupCp,FQryupCp,0
621,4wIwgZwG,49IwgZwG,1
622,EFSWROuo,EFSWROuo,0
623,MrAiecRq,MrAie1Uq,1
624,G0jqAfjP,G0jqAfjP,0
625,B4ceBUL4,B4ceBUL4,0
626,041481YU,041481YU,0
627,rIEUpye2,rIEUpye2,0
628,4vCoAPTd,4vCoAPTd,0
629,l9z3no2C,l9z3no2C,0
630,tOqtAzaC,tOqtAzaC,0
631,2C6PoNtZ,2C6PoItZ,1
632,lmyutBlb,lmyutBlb,0
633,TLRtyOTX,TLRtyOTX,0
634,69PucHda,PTPucHda,1
635,dGm6Xwbk,dG9fXwbk,1
636,SrFx69w6,SrFx69w6,0
637,GE5eHk4b,GE5eHk4b,0
638,VcXFFDgS,VcXFFDgS,0
639,Cvi84WyC,Cv8t4WyC,1
640,avR3DoZM,avRG9oZM,1
641,zAEK0ihI,zAEK0ihI,0
642,FGhu10DG,8Uhu10DG,1
643,4StYOr2Y,4StYOr2Y,0
644,JZ3EoDQ1,JZ3E3eQ1,1
645,jDJehExt,jDJehExt,0
646,S0HaJVx9,S0HaJVx9,0
647,foCGkNB5,foCGkNB5,0
648,buWyYAqG,buWyYAqG,0
649,ZS4XBNUz,ZS4XBNUz,0
650,L9BWCV2V,L9BWCV2V,0
651,hwxYloTC,hwxYloTC,0
652,qkrOL2hL,qkrOL2ng,1
653,nAXCL4Ru,nAXCL4Ru,0
654,LUZeGQfR,LUZeGQfR,0
655,v8UCiJeV,v8UCiJeV,0
656,WsKvlG6M,WsLVlG6M,1
657,woffezZu,woffezZu,0
658,Ic1zzDqg,IQ0zzDqg,1
659,tmsmuSAy,tmsmuSAy,0
660,N6aoD9hu,N6aoJlhu,1
661,7Bv2yWIU,7Bv2yWIU,0
662,BqjTlAAk,BqjTlAAk,0
663,56e5eyFk,56e5eyFk,0
664,bzvOgxOQ,YZvOgxOQ,1
665,DqaUhR6y,6QaUhR6y,1
666,yp0uJEE4,yTJuJEE4,1
667,xYSWH64O,xYSWH64O,0
668,jsHN7vSZ,jsH95vSZ,1
669,bwj4BMmu,bwj4BMmu,0
670,RxmmB9wW,RxmmgQwW,1
671,VdmITwdZ,VdmITktZ,1
672,xD9PtBWb,xD9PtBWb,0
673,avfIwO68,avfIwO68,0
674,xEnJ8Cuh,xEnJ827h,1
675,HI3E7z5f,HI3E7z5f,0
676,18hZHc4W,18hZHc4W,0
677,9dfD1RaD,2PfD1RaD,1
678,HkyhuD76,HkyhuD76,0
679,QmMN9FoM,QmMN96oM,1
680,fFRC3Ge4,fFRC3Ge4,0
681,eLxk9ooH,eLxk9ooH,0
682,qWpFQbOk,qWpFQbOk,0
683,Umh1dx9V,Umh1dx9V,0
684,xbw8Z1Lo,xbw8JALo,1
685,PnP4Nr95,PnP4Nr95,0
686,aWKdPvfV,aW0CPvfV,1
687,Hq2lI4do,Hq2lI4do,0
688,kTDMIWu7,kTDMIWu7,0
689,EmLMk9kY,EmLLE9kY,1
690,a5lRw6ia,ajdRw6ia,1
691,hF5Z1zmt,hF5Z1zmt,0
692,RNfEQYJ6,RNfEQYJ6,0
693,AYHoy6CN,AYHoy6CN,0
694,jdEZr1gt,jEEZr1gt,1
695,RGXEh1MU,RGXEbsMU,1
696,DCfiUFef,x9fiUFef,1
697,xH6QWFFL,xH6bXFFL,1
698,qgS2ZpOq,qgS2ZpOq,0
699,B3XJKhKX,B3koKhKX,1
700,calPQ7uV,cak8Q7uV,1
701,4VF4c2al,4VM8c2al,1
702,p8egCloO,p8egClpB,1
703,qrVBrOXQ,qrVBrOxK,1
704,YGuzl9Gq,YGuzl9Gq,0
705,pXkN4pBr,pXkN4pBr,0
706,scz9rtBo,scz9rtBo,0
707,kgOGD2Kp,kgOGD2Kp,0
708,oUpnE0qb,oUpnNAqb,1
709,x4Y1JHkr,x4Y1JHkr,0
710,qgjqj9yW,qgjqj9yW,0
711,VJtsVIsC,VJt0XIsC,1
712,XSXN6BGg,XSXN6BGg,0
713,pkSkFUOI,pkSTOUOI,1
714,xgoYuyRF,xgQYuyRF,1
715,VNexfEI6,VNexfEI6,0
716,Bi1WpKAK,Bi1WpKAK,0
717,lEqFx03K,lEqFx03K,0
718,sYigYeUN,sYigYeUN,0
719,VNWISAUT,VNWISAUT,0
720,I0Y94BLi,I0Y94dji,1
721,IEXIEUFF,IEXIEuCF,1
722,cfd8zbc5,cfd8zbc5,0
723,fS7dqCLF,fS7dqCLF,0
724,bdzH9JeI,bdzH9JeI,0
725,VtdZtSED,VtdZtSED,0
726,niRMn86W,w1RMn86W,1
727,c1pCxLNG,c1pCxLNG,0
728,Cq1yYR1o,Cq1yYR1o,0
729,NFbcERJj,NFbcERJj,0
730,bhTxkUem,bhTxpdem,1
731,YosaTFxI,YosaTFxI,0
732,1zeibZUe,1zeibZUe,0
733,Al3rF350,Al3rF350,0
734,PizEBpDJ,PizEBpDJ,0
735,YZdqL0eH,YZdqL0eH,0
736,EmhhPbmf,EmhaWbmf,1
737,eA92Vnkk,eA92Vnkk,0
738,ru5wnjMO,ru5wnjMO,0
739,8T4jjSc6,80kjjSc6,1
740,SrDLsgwT,SrDLsgwT,0
741,2is1QDcQ,2is1QDcQ,0
742,gDuekKTi,gDuekKTi,0
743,2vDCviKm,2vDCviKm,0
744,Nu6Ke4kn,Nu6Ke4kn,0
745,jhE9Kl6U,jhE9Kl6U,0
746,2AtVQTQt,2AtVQVzt,1
747,rdcnos0F,rdcnos0F,0
748,vJaAUlog,vIRAUlog,1
749,ZBjQyuSF,ZBjQyuSF,0
750,5dPjeeLB,5dPjeeLB,0
751,RvDcTt3N,RJZcTt3N,1
752,KX6ZVlZc,KX6ZVlZc,0
753,MFQgLJk4,MFQgLJk4,0
754,0xeH8jzD,0xeH8jzD,0
755,68lHnMAs,68lHnMAs,0
756,eJCeXotg,eJCeXotg,0
757,QyhzYkFr,QyhzYkFr,0
758,MiliDQDR,Mil7OQDR,1
759,dQ2gWo1A,dQ2gWo1A,0
760,t7gCjcaB,t7gi8caB,1
761,2y9oOnTP,2y9oOnTP,0
762,zlsyqhkQ,tfsyqhkQ,1
763,GicopukJ,GicopukJ,0
764,SPCb60d1,SPCb60d1,0
765,BmFXrncV,BmFXrncV,0
766,aN3Ayqu8,aN3Ayqu8,0
767,S99YeYCg,S9qOeYCg,1
768,hi1ysHMS,hi1ysHMS,0
769,MVhyq6Jo,MVhyesJo,1
770,tvFhm6oY,tvFhm6oY,0
771,V6W9qIxl,V6W9qIxl,0
772,9ua4nCFF,9ua455FF,1
773,YMPhVJAx,YMPhVJAx,0
774,09RbCiV9,09RbCiV9,0
775,iEt1RSPW,iEt1RSPW,0
776,wXczWNWS,wXczWNWS,0
777,GpDOGCQn,GpDOGCQn,0
778,LCYs3SvV,LCYs3SvV,0
779,kLnPuIff,kLnPuIff,0
780,UOa23UA5,UOa23UA5,0
781,tKpPqtBD,tKpPr3BD,1
782,z9Cm7r9m,z9Cm7r9m,0
783,eteJ3ttZ,eteJ3CSZ,1
784,8TOnkuZG,8TOnkuZG,0
785,B6hVKNXt,B6hVKNXt,0
786,5VtZPrcL,5VtZPrcL,0
787,npt4k0mj,npt4k0mj,0
788,AjRFNKdh,AjRFNKdh,0
789,bYffY3x6,bZ1fY3x6,1
790,LYyNZGE8,LYyNZGE8,0
791,G2fYIg22,oqfYIg22,1
792,plqz6yOL,plqz6yOL,0
793,aLfT75cm,aLfT75cm,0
794,gYUX8g2O,gYUX8g2O,0
795,KPZLhGf2,KPZLhGf2,0
796,7I37Po9S,7I37Po9S,0
797,qzuV8EXc,qzuV8EXc,0
798,31eNaFY4,31eNaFY4,0
799,Dl4jv5ng,Dl4jv5ng,0
800,GRcKtNjF,GRcKtNjF,0
801,DJOm8twI,DJOm8twI,0
802,ApP3Q0uV,ApP3Q0uV,0
803,u4mfj4jI,u4mfj4jI,0
804,JIOjIIZY,JIOjIIZY,0
805,gO7xpzJl,gO7xpzJl,0
806,tuqKTcXk,tuqKTcXk,0
807,fUAbMXBY,faLbMXBY,1
808,euiB3kuh,exlB3kuh,1
809,Sb0PvxYb,Sb0PvxYb,0
810,BCaCV8cF,BCaC6ncF,1
811,Wx85bcxX,Wx85bkOX,1
812,cYlGJstO,cskGJstO,1
813,C8hF4CKj,SchF4CKj,1
814,a5yc46vI,a5ycEwvI,1
815,6QCJta25,6Q2ita25,1
816,Fk5EyVOF,Fk5EyVOF,0
817,7BhIALer,7BhIALer,0
818,9szILfLe,9szILfLe,0
819,lLiqAI8e,lLibHI8e,1
820,IQRQIPrc,IQRQIPrc,0
821,sHlphj4I,sHlphj4I,0
822,Un4W4u65,Un4TBu65,1
823,xrDgK4yg,xrDgK4yg,0
824,GibwDfy5,GibwDfy5,0
825,eKiqYcHr,eKhlYcHr,1
826,Wt8koZyg,Wt8koZyg,0
827,jx94yLSx,jx94yLSx,0
828,mk9RNQ5l,mhjRNQ5l,1
829,qhYWaMVe,qhYWeVVe,1
830,aAT2lKo0,aAT6CKo0,1
831,q75cdRjq,q75cdRjq,0
832,snzxpkLN,snc8pkLN,1
833,V71MNHyh,V71MNBWh,1
834,ePbSXeyO,ePpRXeyO,1
835,gQFBF03q,gQFBQt3q,1
836,ByZ8449m,ByZ8449m,0
837,Na0YkX9u,Na0YkX9u,0
838,KWNKiNFV,KWNKiNFV,0
839,7AKfEawC,7AKfEawC,0
840,3hTLeJkY,3hLReJkY,1
841,qUyWSrB9,qUyWSqf9,1
842,nrsXvHEb,nrsXvHEb,0
843,i494TXCi,i494SYCi,1
844,p1uV9JO4,p1uV9JO4,0
845,ZsxLnm84,ZsxLnm84,0
846,xo4WNM8d,xo4WNM8d,0
847,GcwC9IVg,GtlC9IVg,1
848,0Q7ZvtCJ,0Q7ZvtCJ,0
849,MPFL0jXG,MPFL0jXG,0
850,EmJV0B34,EmJV0B34,0
851,fqAwlErR,fqAwlErR,0
852,HQYlWDqQ,HQYlWDqQ,0
853,466dbnq3,466dHQq3,1
854,zmtTkeAY,zmtTkeP3,1
855,IpVoCj92,IpVoCj92,0
856,W8tGaafv,W8tGaasx,1
857,Csu30YDL,Csu30YDL,0
858,B3Wpf9FQ,B3Wpf9FQ,0
859,hz8ISpZg,hztUSpZg,1
860,1XI83t3N,1XI83t3N,0
861,Zb4N27wE,ZbIN27wE,1
862,KkAWhxcL,KycWhxcL,1
863,MFf5fBow,MFfDsBow,1
864,R0EndrUo,R0EndrUo,0
865,j4VslYYY,j4iGlYYY,1
866,X1s17Kym,X1s17Kym,0
867,eUgDWrft,eUgDWrft,0
868,6AbyYmVi,6AbyYmVi,0
869,Kaem8uj3,KaMe8uj3,1
870,yacTdZev,yacoVZev,1
871,KYBgLS9u,KYBgLS9u,0
872,ASNZoffq,ASNZoffq,0
873,6KRF4y0S,6KRF4y0S,0
874,Gugatfy8,Gugatfy8,0
875,Sr2Ld06V,Sr2Ld06V,0
876,O4vgbN9D,O4vgbN9D,0
877,1wc7k71r,1wc7k7Gw,1
878,QaWbYF2o,QaWbYF2o,0
879,x2GAJuAQ,x2GAJuAQ,0
880,yJmhlgBQ,yJmhlgBQ,0
881,r3KFCBPw,r3KFCBPw,0
882,BUDZJCKn,BUDZJCKn,0
883,Lt645mhe,Lt645mhe,0
884,djqXrNR4,djbDrNR4,1
885,pMInmKB8,pMITYKB8,1
886,x1LdfGA5,x1LdQqA5,1
887,WfLfyXBt,WZ1fyXBt,1
888,oFvxnGfw,oFvxnGfw,0
889,3YgvPzST,3YNgPzST,1
890,lloxyu5G,lloxyu5G,0
891,qbAWmcZe,qbAWmcZe,0
892,E0a4sZNW,E0a4sZNW,0
893,ziEmTxqA,ziEmTxqA,0
894,fvKlSMEV,fvKlSMEV,0
895,U2DkA3Cf,U2DkA3Cf,0
896,e0ExlytT,e0ExlytT,0
897,qVnXNiS0,qVnXNiS0,0
898,tNWXWicb,tNWXWicb,0
899,OXhfP7wl,OXhfP7wl,0
900,n87bsm7i,n87bsm7i,0
901,88ZHk8eq,88ZWS8eq,1
902,8XpNX9qd,8XpNX2ud,1
903,Y0dFJLia,Y0dFJLia,0
904,zdLtvFXz,zdLtvFXz,0
905,2LoZfWYz,2LoZfWYz,0
906,UQKHtzf1,UQKHtzf1,0
907,ZJSfSXDW,ZJSfSHKW,1
908,9Bgu5jzA,9Bgu5jzA,0
909,OGaxheF5,OGaxheF5,0
910,bbsA383f,bbsA383f,0
911,AY0UlAaj,AY0UlAaj,0
912,QkS9BOCQ,QkS9BOCQ,0
913,PK7GqGFB,PK7GqR2B,1
914,tHdbjKF5,tHduyKF5,1
915,dEzF1QV4,aOzF1QV4,1
916,7D2n4tHi,7D2n4tHi,0
917,0bLDCBHf,2yLDCBHf,1
918,qTTjh6Nz,qTTjh6Nz,0
919,QgpheL0r,QgpheLdB,1
920,i5x1R3t8,i5x1R3t8,0
921,tPXbPyvI,tPXbPyvI,0
922,ofYPSc5R,ofYPScLp,1
923,875kD1q0,875BM1q0,1
924,gGjNOr01,gGjNOr01,0
925,Qi2d8l9J,Qi2d8l9J,0
926,dn0fxA0g,dn0fxA0g,0
927,yDVl1bsS,CwVl1bsS,1
928,NcRGfdZL,NcRGfdZL,0
929,kJ8kCtGH,kJ8kCtGH,0
930,Hsp1zXQ9,Hsp1zXQ9,0
931,j2XxaCVS,j2XxaiYS,1
932,E8yqE6Ia,E8yBf6Ia,1
933,ANNB7bXu,ANYk7bXu,1
934,pblm0jRn,pblm0jRn,0
935,dEf0J1sR,dEf0J1sR,0
936,SBJv0dSH,SBJv0dSH,0
937,TXUvI3UP,1hUvI3UP,1
938,TXPREUte,TXPREUte,0
939,HyiH8eiV,HyiH8eiV,0
940,K76vp1Rg,K76vp1Rg,0
941,evnWrpsh,eDbWrpsh,1
942,ZV2jo0re,ZV2Fb0re,1
943,v7TTqirE,v7TTE2rE,1
944,gd2cTidi,gd2cTidi,0
945,GSm3wT69,GSmaVT69,1
946,S8xKBKk8,S8xKBKk8,0
947,BWGvUyzo,BWGvUyzo,0
948,Lt9Kiz7b,Lt9Kiz7b,0
949,oTqk9dKN,oTqk9dKN,0
950,vAbaYS15,vAbaYS15,0
951,BUmYG6np,BUmYG6np,0
952,7DAIbU9K,7NxIbU9K,1
953,86EPqcyy,bDEPqcyy,1
954,8wgB9sEE,8wgB9sEE,0
955,rQUpWphf,rQUpWphf,0
956,OXLmAMQH,OYGmAMQH,1
957,OnRLz5PS,OnRLz5PS,0
958,deFtXknZ,dOjtXknZ,1
959,8mV5036P,cLV5036P,1
960,TRGmKjLn,TRGmKjLn,0
961,I0oB4DPF,I0oB4DPF,0
962,OXlnHHW0,OXlnHHW0,0
963,sZhbIQqr,sZQoIQqr,1
964,Y4aI2Z80,Y4aI2Z80,0
965,897XAdj8,897XANH8,1
966,5MXYvirg,5T3Yvirg,1
967,m20KyFMb,m20KyFMb,0
968,sRy2d2Si,sRy2dnRi,1
969,9H8YgORc,9H8YgORc,0
970,gMgaTuMk,gMgaTuMk,0
971,PF4fEif2,PF4fpEf2,1
972,UkWPJwOv,UkWPJwOv,0
973,UGTQ61Eh,UGTQ61Eh,0
974,x1mB1wvZ,x1mB1wvZ,0
975,6xSKK9Ow,6xSKK9Ow,0
976,GmmhSsrk,GmmhSghk,1
977,xdn9gUQp,xdno5UQp,1
978,m5d3yaJO,mQz3yaJO,1
979,I7JV5I8i,I7JV5I8i,0
980,nhFkY5QY,nhFkY5QY,0
981,2Kt9Uqun,2KG5Uqun,1
982,7QHzKknZ,7QHzKknZ,0
983,lazK8JB0,lMEK8JB0,1
984,iIk4l94X,iIk4l99Q,1
985,ckVzj3GA,ckVzj3GA,0
986,4S5XFLvj,4S5XFLvj,0
987,Xlqu4L4o,Xlqu4L4o,0
988,rRvBsFve,rRvBsFve,0
989,NiwCb7nJ,NiwC0bnJ,1
990,gkVm3MlM,gkVm3MlM,0
991,EzAKimUp,EzAKimUp,0
992,BJ7T7nhR,BJ7TO2hR,1
993,Y8K2vfE6,Y8K2vfE6,0
994,CHafU46k,CHafU46k,0
995,tEUA9rec,tEUA9rec,0
996,TkWKrM3u,TkWKrM3u,0
997,hWUWbjHZ,hWUWbjHZ,0
998,xSmBx7Wl,xSmBx7Wl,0
